Monument,Adresse,Longitude,Latitude,Source
Aubette,Place Kléber,7.745667,48.583885,http://www.culture.gouv.fr/public/mistral/merimee_fr?ACTION=CHERCHER&FIELD_1=REF&VALUE_1=PA00085014
Bain Rituel Juif Presume,20 rue des Charpentiers,7.7527485,48.5838073,http://www.culture.gouv.fr/public/mistral/merimee_fr?ACTION=CHERCHER&FIELD_1=REF&VALUE_1=PA00085013
Bains Municipaux,10 boulevard de la Victoire,7.75974,48.58358,http://www.culture.gouv.fr/public/mistral/merimee_fr?ACTION=CHERCHER&FIELD_1=REF&VALUE_1=PA67000046
Barrage Vauban,Rue de Molsheim,7.738056,48.579444,http://www.culture.gouv.fr/public/mistral/merimee_fr?ACTION=CHERCHER&FIELD_1=REF&VALUE_1=PA00085039
Batiments Canoniaux,"Rue de la Nuée-Bleue
8a quai Kellermann
2, 4, 6 rue Saint-Pierre-le-Jeune",7.7460967,48.5860979,http://www.culture.gouv.fr/public/mistral/merimee_fr?ACTION=CHERCHER&FIELD_1=REF&VALUE_1=PA67000038
Bibliotheque Nationale Universitaire,"6 place de la République
1 avenue Victor Schœlcher",7.756111,48.587222,http://www.culture.gouv.fr/public/mistral/merimee_fr?ACTION=CHERCHER&FIELD_1=REF&VALUE_1=PA67000009
Breuscheckschlossel,33 rue de la Tour,7.714235,48.577729,http://www.culture.gouv.fr/public/mistral/merimee_fr?ACTION=CHERCHER&FIELD_1=REF&VALUE_1=PA00085194
Cafe Brant,11 place de l'Université,7.761793,48.585931,http://www.culture.gouv.fr/public/mistral/merimee_fr?ACTION=CHERCHER&FIELD_1=REF&VALUE_1=PA67000094
Cathedrale Notre-Dame,Place de la Cathédrale,7.750555,48.5817,http://www.culture.gouv.fr/public/mistral/merimee_fr?ACTION=CHERCHER&FIELD_1=REF&VALUE_1=PA00085015
Chambre Taille Subhastations,2 rue du Vieux Marché aux Grains,7.746933,48.582752,http://www.culture.gouv.fr/public/mistral/merimee_fr?ACTION=CHERCHER&FIELD_1=REF&VALUE_1=PA00085016
Chateau Eau,Rue de Koenigshoffen,7.728638,48.580447,http://www.culture.gouv.fr/public/mistral/merimee_fr?ACTION=CHERCHER&FIELD_1=REF&VALUE_1=PA00085017
Chateau Pourtales,161 rue Mélanie,7.8001,48.6082,http://www.culture.gouv.fr/public/mistral/merimee_fr?ACTION=CHERCHER&FIELD_1=REF&VALUE_1=PA00085018
Cimetiere Juif Koenigshoffen,29 rue de la Tour,7.716313,48.577446,http://www.culture.gouv.fr/public/mistral/merimee_fr?ACTION=CHERCHER&FIELD_1=REF&VALUE_1=PA67000058
Cinema U.T.,"3 rue des Francs Bourgeois
Rue des Sept Hommes",7.745935,48.582607,http://www.culture.gouv.fr/public/mistral/merimee_fr?ACTION=CHERCHER&FIELD_1=REF&VALUE_1=PA00085283
Citadelle,Place du Troisième Régiment de Tirailleurs Algériens,7.773868,48.576643,http://www.culture.gouv.fr/public/mistral/merimee_fr?ACTION=CHERCHER&FIELD_1=REF&VALUE_1=PA00085019
Lycee Fustel-De-Coulanges,"Place du Château
8 rue des Écrivains",7.751991,48.581824,http://www.culture.gouv.fr/public/mistral/merimee_fr?ACTION=CHERCHER&FIELD_1=REF&VALUE_1=PA00085020
Commanderie Saint-Jean,1 rue Sainte-Marguerite,7.737807,48.581469,http://www.culture.gouv.fr/public/mistral/merimee_fr?ACTION=CHERCHER&FIELD_1=REF&VALUE_1=PA00085021
Commissariat Police,11 rue de la Nuée Bleue,7.751879,48.585132,http://www.culture.gouv.fr/public/mistral/merimee_fr?ACTION=CHERCHER&FIELD_1=REF&VALUE_1=PA00085055
Direction Regionale Impots,"4 place de la République
25 avenue des Vosges",7.753984,48.588673,http://www.culture.gouv.fr/public/mistral/merimee_fr?ACTION=CHERCHER&FIELD_1=REF&VALUE_1=PA67000010
Direction Regionale Douanes,11 avenue de la Liberté,7.757503,48.586558,http://www.culture.gouv.fr/public/mistral/merimee_fr?ACTION=CHERCHER&FIELD_1=REF&VALUE_1=PA00085314
Douane,Rue de la Douane,7.749689,48.579471,http://www.culture.gouv.fr/public/mistral/merimee_fr?ACTION=CHERCHER&FIELD_1=REF&VALUE_1=PA00085022
Ecole Superieure Arts Decoratifs,1 rue de l'Académie,7.759096,48.582468,http://www.culture.gouv.fr/public/mistral/merimee_fr?ACTION=CHERCHER&FIELD_1=REF&VALUE_1=PA00085023
Eglise Sainte-Aurelie,"4, 5 place Sainte-Aurélie",7.733333,48.581389,http://www.culture.gouv.fr/public/mistral/merimee_fr?ACTION=CHERCHER&FIELD_1=REF&VALUE_1=PA00085024
Eglise Sainte-Madeleine,Place Sainte-Madeleine,7.754722,48.58,http://www.culture.gouv.fr/public/mistral/merimee_fr?ACTION=CHERCHER&FIELD_1=REF&VALUE_1=PA00085028
Eglise Saint-Etienne,2 rue de la Pierre Large,7.75583,48.58333,http://www.culture.gouv.fr/public/mistral/merimee_fr?ACTION=CHERCHER&FIELD_1=REF&VALUE_1=PA00085025
Eglise Saint-Guillaume,Rue Saint-Guillaume,7.757778,48.582083,http://www.culture.gouv.fr/public/mistral/merimee_fr?ACTION=CHERCHER&FIELD_1=REF&VALUE_1=PA00085026
Eglise Saint-Jean,Quai Saint-Jean,7.74028,48.5844,http://www.culture.gouv.fr/public/mistral/merimee_fr?ACTION=CHERCHER&FIELD_1=REF&VALUE_1=PA00085027
Eglise Saint-Nicolas,Quai Saint-Nicolas,7.74833,48.5783,http://www.culture.gouv.fr/public/mistral/merimee_fr?ACTION=CHERCHER&FIELD_1=REF&VALUE_1=PA00135152
Eglise Saint-Paul,Place du Général Eisenhower,7.759709,48.586096,http://www.culture.gouv.fr/public/mistral/merimee_fr?ACTION=CHERCHER&FIELD_1=REF&VALUE_1=PA00085029
Eglise Saint-Paul Koenigshoffen,Rue de la Tour,7.714171,48.577714,http://www.culture.gouv.fr/public/mistral/merimee_fr?ACTION=CHERCHER&FIELD_1=REF&VALUE_1=PA67000018
Eglise Saint-Pierre-Le-Jeune Protestante,"Place Saint-Pierre-le-Jeune
Rue de la Nuée Bleue",7.746389,48.585556,http://www.culture.gouv.fr/public/mistral/merimee_fr?ACTION=CHERCHER&FIELD_1=REF&VALUE_1=PA67000037
Eglise Saint-Pierre-Le-Jeune Protestante,"Place Saint-Pierre-le-Jeune
Rue de la Nuée Bleue",7.746389,48.585556,http://www.culture.gouv.fr/public/mistral/merimee_fr?ACTION=CHERCHER&FIELD_1=REF&VALUE_1=PA00085030
Eglise Saint-Pierre-Le-Vieux,1 Grand Rue,7.739722,48.582778,http://www.culture.gouv.fr/public/mistral/merimee_fr?ACTION=CHERCHER&FIELD_1=REF&VALUE_1=PA00085031
Eglise Saint-Thomas,4 rue Martin Luther,7.745275,48.579713,http://www.culture.gouv.fr/public/mistral/merimee_fr?ACTION=CHERCHER&FIELD_1=REF&VALUE_1=PA00085032
Enceinte Urbaine Medievale,"Boulevard Président Wilson
Rue Wodli",7.73743,48.58721,http://www.culture.gouv.fr/public/mistral/merimee_fr?ACTION=CHERCHER&FIELD_1=REF&VALUE_1=PA67000051
Enceinte Moyen Age,Place Sainte-Madeleine,7.75522,48.57957,http://www.culture.gouv.fr/public/mistral/merimee_fr?ACTION=CHERCHER&FIELD_1=REF&VALUE_1=PA00085033
Faculte Droit Sciences Politiques Gestion,1 place d'Athènes,7.768056,48.578889,http://www.culture.gouv.fr/public/mistral/merimee_fr?ACTION=CHERCHER&FIELD_1=REF&VALUE_1=PA67000064
Faubourg-Jardin Stockfeld,Stockfeld,7.769907,48.530589,http://www.culture.gouv.fr/public/mistral/merimee_fr?ACTION=CHERCHER&FIELD_1=REF&VALUE_1=PA67000013
Fonderie Canons,18 place Broglie,7.751741,48.586204,http://www.culture.gouv.fr/public/mistral/merimee_fr?ACTION=CHERCHER&FIELD_1=REF&VALUE_1=PA00085035
Fortifications Allemandes,Rue du rempart,7.730877,48.587537,http://www.culture.gouv.fr/public/mistral/merimee_fr?ACTION=CHERCHER&FIELD_1=REF&VALUE_1=PA67000083
Gare,Place de la Gare,7.734325,48.584991,http://www.culture.gouv.fr/public/mistral/merimee_fr?ACTION=CHERCHER&FIELD_1=REF&VALUE_1=PA00085036
Glacieres,"3, 5 rue des Moulins",7.741729,48.580756,http://www.culture.gouv.fr/public/mistral/merimee_fr?ACTION=CHERCHER&FIELD_1=REF&VALUE_1=PA00085291
Grand Seminaire,2 rue des Frères,7.75215,48.5825,http://www.culture.gouv.fr/public/mistral/merimee_fr?ACTION=CHERCHER&FIELD_1=REF&VALUE_1=PA00085041
Grenier,8 rue Modeste Schickelé,7.754479,48.580768,http://www.culture.gouv.fr/public/mistral/merimee_fr?ACTION=CHERCHER&FIELD_1=REF&VALUE_1=PA67000063
Haras National,1 rue Sainte-Élisabeth,7.743241,48.57688,http://www.culture.gouv.fr/public/mistral/merimee_fr?ACTION=CHERCHER&FIELD_1=REF&VALUE_1=PA00085042
Hopital Civil,Place de l'Hôpital,7.746392,48.575783,http://www.culture.gouv.fr/public/mistral/merimee_fr?ACTION=CHERCHER&FIELD_1=REF&VALUE_1=PA00085043
Hopital Militaire Gaujot,2 rue de l'Hôpital Militaire,7.75931,48.5781,http://www.culture.gouv.fr/public/mistral/merimee_fr?ACTION=CHERCHER&FIELD_1=REF&VALUE_1=PA00085044
Hotel,4 place du Marché aux Poissons,7.751765,48.58022,http://www.culture.gouv.fr/public/mistral/merimee_fr?ACTION=CHERCHER&FIELD_1=REF&VALUE_1=PA00085046
Hotel,37 allée de la Robertsau,7.765904,48.588803,http://www.culture.gouv.fr/public/mistral/merimee_fr?ACTION=CHERCHER&FIELD_1=REF&VALUE_1=PA00085037
Hotel,20 rue des Serruriers,7.747537,48.580816,http://www.culture.gouv.fr/public/mistral/merimee_fr?ACTION=CHERCHER&FIELD_1=REF&VALUE_1=PA00085047
Hotel Andlau,8 rue des Écrivains,7.753209,48.582148,http://www.culture.gouv.fr/public/mistral/merimee_fr?ACTION=CHERCHER&FIELD_1=REF&VALUE_1=PA00085048
Hotel Andlau-Klinglin,25 rue de la Nuée Bleue,7.748145,48.584944,http://www.culture.gouv.fr/public/mistral/merimee_fr?ACTION=CHERCHER&FIELD_1=REF&VALUE_1=PA00085049
Hotel Boecklin Boecklinsau,17 place Saint-Étienne,7.754494,48.582967,http://www.culture.gouv.fr/public/mistral/merimee_fr?ACTION=CHERCHER&FIELD_1=REF&VALUE_1=PA00085053
Hotel Brackenhoffer,11 rue de l'Épine,7.747852,48.5806,http://www.culture.gouv.fr/public/mistral/merimee_fr?ACTION=CHERCHER&FIELD_1=REF&VALUE_1=PA00085045
Hotel Brion,22 rue Sleidan,7.768223,48.585749,http://www.culture.gouv.fr/public/mistral/merimee_fr?ACTION=CHERCHER&FIELD_1=REF&VALUE_1=PA00085173
Hotel Corbeau,1 quai des Bateliers,7.752099,48.579238,http://www.culture.gouv.fr/public/mistral/merimee_fr?ACTION=CHERCHER&FIELD_1=REF&VALUE_1=PA00085051
Hotel Dartein,17 rue des Charpentiers,7.75258,48.58406,http://www.culture.gouv.fr/public/mistral/merimee_fr?ACTION=CHERCHER&FIELD_1=REF&VALUE_1=PA00085052
Hôtel Deux Ponts,"13 rue Brûlée
Place Broglie",7.75185,48.58511,http://www.culture.gouv.fr/public/mistral/merimee_fr?ACTION=CHERCHER&FIELD_1=REF&VALUE_1=PA00085054
Hotel Epine,9 rue de l'Épine,7.74801,48.580539,http://www.culture.gouv.fr/public/mistral/merimee_fr?ACTION=CHERCHER&FIELD_1=REF&VALUE_1=PA00085056
Hotel Ettenheimmunster,3 place de l'Hôpital,7.748997,48.577537,http://www.culture.gouv.fr/public/mistral/merimee_fr?ACTION=CHERCHER&FIELD_1=REF&VALUE_1=PA00085057
Hotel Franck,7 quai Saint-Nicolas,7.747754,48.578289,http://www.culture.gouv.fr/public/mistral/merimee_fr?ACTION=CHERCHER&FIELD_1=REF&VALUE_1=PA00085058
Hotel Furstemberg,8 rue des Pucelles,7.754049,48.583946,http://www.culture.gouv.fr/public/mistral/merimee_fr?ACTION=CHERCHER&FIELD_1=REF&VALUE_1=PA00085059
Hotel Gayling Altheim,20 rue des Veaux,7.755252,48.582435,http://www.culture.gouv.fr/public/mistral/merimee_fr?ACTION=CHERCHER&FIELD_1=REF&VALUE_1=PA00085060
Cour Couples,9 rue des Couples,7.752418,48.579312,http://www.culture.gouv.fr/public/mistral/merimee_fr?ACTION=CHERCHER&FIELD_1=REF&VALUE_1=PA00085100
Hotel Hanau,"Place Broglie
Rue Brûlée",7.750499,48.584748,http://www.culture.gouv.fr/public/mistral/merimee_fr?ACTION=CHERCHER&FIELD_1=REF&VALUE_1=PA00085061
Hotel Joham Mundolsheim,15 rue des Juifs,7.752365,48.583499,http://www.culture.gouv.fr/public/mistral/merimee_fr?ACTION=CHERCHER&FIELD_1=REF&VALUE_1=PA00085062
Hotel Klinglin,19 rue Brûlée,7.75318,48.585045,http://www.culture.gouv.fr/public/mistral/merimee_fr?ACTION=CHERCHER&FIELD_1=REF&VALUE_1=PA00085063
Hotel Magnus,59 rue du Faubourg-de-Pierre,7.744929,48.589619,http://www.culture.gouv.fr/public/mistral/merimee_fr?ACTION=CHERCHER&FIELD_1=REF&VALUE_1=PA67000093
Hotel Marabail,15 rue de l'Arc en Ciel,7.75435,48.584152,http://www.culture.gouv.fr/public/mistral/merimee_fr?ACTION=CHERCHER&FIELD_1=REF&VALUE_1=PA00085064
Hotel Neuwiller,4 quai de Paris,7.742001,48.584401,http://www.culture.gouv.fr/public/mistral/merimee_fr?ACTION=CHERCHER&FIELD_1=REF&VALUE_1=PA00085065
Hotel Rathsamhausen,9 rue des Dentelles,7.743117,48.581058,http://www.culture.gouv.fr/public/mistral/merimee_fr?ACTION=CHERCHER&FIELD_1=REF&VALUE_1=PA00085066
Hotel Saxe,27 rue des Juifs,7.753095,48.58401,http://www.culture.gouv.fr/public/mistral/merimee_fr?ACTION=CHERCHER&FIELD_1=REF&VALUE_1=PA00085067
Hotel Schützenberger,76 allée de la Robertsau,7.769993,48.591803,http://www.culture.gouv.fr/public/mistral/merimee_fr?ACTION=CHERCHER&FIELD_1=REF&VALUE_1=PA00085038
Hotel Tribu Marchands,"29 rue des Serruriers
1 rue du Miroir
5 rue Gutenberg",7.747666,48.580866,http://www.culture.gouv.fr/public/mistral/merimee_fr?ACTION=CHERCHER&FIELD_1=REF&VALUE_1=PA00085187
Hotel Weitz,3 quai Saint-Thomas,7.746958,48.578992,http://www.culture.gouv.fr/public/mistral/merimee_fr?ACTION=CHERCHER&FIELD_1=REF&VALUE_1=PA00085068
Hotel Zorn Bulach,120 Grand Rue,7.744727,48.581207,http://www.culture.gouv.fr/public/mistral/merimee_fr?ACTION=CHERCHER&FIELD_1=REF&VALUE_1=PA00085069
Immeuble,16 rue du 22-Novembre,7.742023,48.58269,http://www.culture.gouv.fr/public/mistral/merimee_fr?ACTION=CHERCHER&FIELD_1=REF&VALUE_1=PA67000085
Immeuble,"6 rue des Balayeurs
6 place Saint-Nicolas-aux-Ondes",7.761936,48.581242,http://www.culture.gouv.fr/public/mistral/merimee_fr?ACTION=CHERCHER&FIELD_1=REF&VALUE_1=PA00085083
Immeuble,11 quai des Bateliers,7.752483,48.580007,http://www.culture.gouv.fr/public/mistral/merimee_fr?ACTION=CHERCHER&FIELD_1=REF&VALUE_1=PA67000020
Immeuble,1 place Broglie,7.748589,48.584699,http://www.culture.gouv.fr/public/mistral/merimee_fr?ACTION=CHERCHER&FIELD_1=REF&VALUE_1=PA00085094
Immeuble,"19 rue de la Douane
1 rue de l'Etal",7.749833,48.579773,http://www.culture.gouv.fr/public/mistral/merimee_fr?ACTION=CHERCHER&FIELD_1=REF&VALUE_1=PA00085105
Immeuble,8 rue du Fossé des Tailleurs,7.749125,48.581789,http://www.culture.gouv.fr/public/mistral/merimee_fr?ACTION=CHERCHER&FIELD_1=REF&VALUE_1=PA00085110
Immeuble,"29 rue des Frères
2 rue du Faisan",7.753642,48.58313,http://www.culture.gouv.fr/public/mistral/merimee_fr?ACTION=CHERCHER&FIELD_1=REF&VALUE_1=PA00085111
Immeuble,31 rue des Frères,7.753814,48.58313,http://www.culture.gouv.fr/public/mistral/merimee_fr?ACTION=CHERCHER&FIELD_1=REF&VALUE_1=PA00085112
Immeuble,22 rue du Général de Castelnau,7.751067,48.589035,http://www.culture.gouv.fr/public/mistral/merimee_fr?ACTION=CHERCHER&FIELD_1=REF&VALUE_1=PA00085113
Immeuble,"33, 35, 37 rue des Grandes Arcades",7.74713,48.583052,http://www.culture.gouv.fr/public/mistral/merimee_fr?ACTION=CHERCHER&FIELD_1=REF&VALUE_1=PA00085122
Immeuble,"47, 49 rue des Grandes Arcades",7.74743,48.582655,http://www.culture.gouv.fr/public/mistral/merimee_fr?ACTION=CHERCHER&FIELD_1=REF&VALUE_1=PA00085123
Immeuble,17 rue des Hallebardes,7.749544,48.582229,http://www.culture.gouv.fr/public/mistral/merimee_fr?ACTION=CHERCHER&FIELD_1=REF&VALUE_1=PA67000012
Immeuble,"22 rue des Hallebardes
15 place de la Cathédrale",7.749587,48.582101,http://www.culture.gouv.fr/public/mistral/merimee_fr?ACTION=CHERCHER&FIELD_1=REF&VALUE_1=PA00085130
Immeuble,6 quai Kléber,7.743418,48.586061,http://www.culture.gouv.fr/public/mistral/merimee_fr?ACTION=CHERCHER&FIELD_1=REF&VALUE_1=PA00085284
Immeuble,13 rue Martin Bucer,7.733708,48.581349,http://www.culture.gouv.fr/public/mistral/merimee_fr?ACTION=CHERCHER&FIELD_1=REF&VALUE_1=PA00085139
Immeuble,1 quai des Moulins,7.741669,48.581143,http://www.culture.gouv.fr/public/mistral/merimee_fr?ACTION=CHERCHER&FIELD_1=REF&VALUE_1=PA00085147
Immeuble,6 rue des Moulins,7.741411,48.581122,http://www.culture.gouv.fr/public/mistral/merimee_fr?ACTION=CHERCHER&FIELD_1=REF&VALUE_1=PA00085148
Immeuble,27 rue de la Nuée Bleue,7.748374,48.584855,http://www.culture.gouv.fr/public/mistral/merimee_fr?ACTION=CHERCHER&FIELD_1=REF&VALUE_1=PA00085149
Immeuble,26 allée de la Robertsau,7.765905,48.588276,http://www.culture.gouv.fr/public/mistral/merimee_fr?ACTION=CHERCHER&FIELD_1=REF&VALUE_1=PA67000082
Immeuble,56 allée de la Robertsau,7.76833,48.590341,http://www.culture.gouv.fr/public/mistral/merimee_fr?ACTION=CHERCHER&FIELD_1=REF&VALUE_1=PA00085156
Immeuble,9 rue Sainte-Hélène,7.74434,48.582186,http://www.culture.gouv.fr/public/mistral/merimee_fr?ACTION=CHERCHER&FIELD_1=REF&VALUE_1=PA00085162
Immeuble,4 quai Saint-Thomas,7.747226,48.578999,http://www.culture.gouv.fr/public/mistral/merimee_fr?ACTION=CHERCHER&FIELD_1=REF&VALUE_1=PA00085170
Immeuble,46 avenue des Vosges,7.750724,48.589965,http://www.culture.gouv.fr/public/mistral/merimee_fr?ACTION=CHERCHER&FIELD_1=REF&VALUE_1=PA00085179
Immeubles,"2, 4 impasse de la Bière",7.752591,48.582953,http://www.culture.gouv.fr/public/mistral/merimee_fr?ACTION=CHERCHER&FIELD_1=REF&VALUE_1=PA00085089
Immeubles,"11 rue Mercière
10 place de la Cathédrale",7.749769,48.581611,http://www.culture.gouv.fr/public/mistral/merimee_fr?ACTION=CHERCHER&FIELD_1=REF&VALUE_1=PA00085144
Jardin Botanique Universite,28 rue Goethe,7.768064,48.582939,http://www.culture.gouv.fr/public/mistral/merimee_fr?ACTION=CHERCHER&FIELD_1=REF&VALUE_1=PA00085285
Kornspeicher,Place Broglie,7.752365,48.585423,http://www.culture.gouv.fr/public/mistral/merimee_fr?ACTION=CHERCHER&FIELD_1=REF&VALUE_1=PA67000028
Loge Maconnique,11 rue du Maréchal Joffre,7.757258,48.587225,http://www.culture.gouv.fr/public/mistral/merimee_fr?ACTION=CHERCHER&FIELD_1=REF&VALUE_1=PA00125227
Lycee International Pontonniers,1 rue des Pontonniers,7.7565,48.584173,http://www.culture.gouv.fr/public/mistral/merimee_fr?ACTION=CHERCHER&FIELD_1=REF&VALUE_1=PA67000059
Maison,2 rue de l'Abreuvoir,7.760122,48.578793,http://www.culture.gouv.fr/public/mistral/merimee_fr?ACTION=CHERCHER&FIELD_1=REF&VALUE_1=PA00085070
Maison,3 rue de l'Ail,7.746786,48.579659,http://www.culture.gouv.fr/public/mistral/merimee_fr?ACTION=CHERCHER&FIELD_1=REF&VALUE_1=PA00085071
Maison,7 rue de l'Ail,7.747419,48.579695,http://www.culture.gouv.fr/public/mistral/merimee_fr?ACTION=CHERCHER&FIELD_1=REF&VALUE_1=PA00085072
Maison,"12 rue de l'Ail
(maison détruite)",7.747055,48.579383,http://www.culture.gouv.fr/public/mistral/merimee_fr?ACTION=CHERCHER&FIELD_1=REF&VALUE_1=PA00085073
Maison,17 rue de l'Ail,7.748647,48.580028,http://www.culture.gouv.fr/public/mistral/merimee_fr?ACTION=CHERCHER&FIELD_1=REF&VALUE_1=PA00085074
Maison,19 rue de l'Ail,7.748758,48.580014,http://www.culture.gouv.fr/public/mistral/merimee_fr?ACTION=CHERCHER&FIELD_1=REF&VALUE_1=PA00085075
Maison,5 rue d'Austerlitz,7.752122,48.578791,http://www.culture.gouv.fr/public/mistral/merimee_fr?ACTION=CHERCHER&FIELD_1=REF&VALUE_1=PA00085076
Maison,"25 rue du Bain aux Plantes
1 rue des Meuniers",7.741665,48.581623,http://www.culture.gouv.fr/public/mistral/merimee_fr?ACTION=CHERCHER&FIELD_1=REF&VALUE_1=PA00085145
Maison,"27 rue du Bain aux Plantes
2 rue des Meuniers",7.741874,48.581547,http://www.culture.gouv.fr/public/mistral/merimee_fr?ACTION=CHERCHER&FIELD_1=REF&VALUE_1=PA00085146
Maison,29 rue du Bain aux Plantes,7.741945,48.581536,http://www.culture.gouv.fr/public/mistral/merimee_fr?ACTION=CHERCHER&FIELD_1=REF&VALUE_1=PA00085078
Maison,31 rue du Bain aux Plantes,7.742012,48.581495,http://www.culture.gouv.fr/public/mistral/merimee_fr?ACTION=CHERCHER&FIELD_1=REF&VALUE_1=PA00085079
Maison,33 rue du Bain aux Plantes,7.74214,48.581444,http://www.culture.gouv.fr/public/mistral/merimee_fr?ACTION=CHERCHER&FIELD_1=REF&VALUE_1=PA00085080
Maison,"40 rue du Bain aux Plantes
1 rue des Moulins",7.741669,48.581518,http://www.culture.gouv.fr/public/mistral/merimee_fr?ACTION=CHERCHER&FIELD_1=REF&VALUE_1=PA00085081
Maison,23 quai des Bateliers,7.753787,48.580639,http://www.culture.gouv.fr/public/mistral/merimee_fr?ACTION=CHERCHER&FIELD_1=REF&VALUE_1=PA00085084
Maison,27 quai des Bateliers,7.754171,48.580819,http://www.culture.gouv.fr/public/mistral/merimee_fr?ACTION=CHERCHER&FIELD_1=REF&VALUE_1=PA00085085
Maison,34 quai des Bateliers,7.75498,48.581195,http://www.culture.gouv.fr/public/mistral/merimee_fr?ACTION=CHERCHER&FIELD_1=REF&VALUE_1=PA00085086
Maison,36 quai des Bateliers,7.755288,48.581307,http://www.culture.gouv.fr/public/mistral/merimee_fr?ACTION=CHERCHER&FIELD_1=REF&VALUE_1=PA00085087
Maison,40 quai des Bateliers,7.755718,48.581531,http://www.culture.gouv.fr/public/mistral/merimee_fr?ACTION=CHERCHER&FIELD_1=REF&VALUE_1=PA00085088
Maison,5 rue des Bouchers,7.751481,48.578651,http://www.culture.gouv.fr/public/mistral/merimee_fr?ACTION=CHERCHER&FIELD_1=REF&VALUE_1=PA00085090
Maison,20 rue des Bouchers,7.75087,48.578393,http://www.culture.gouv.fr/public/mistral/merimee_fr?ACTION=CHERCHER&FIELD_1=REF&VALUE_1=PA00085091
Maison,2 place Broglie,7.748733,48.584709,http://www.culture.gouv.fr/public/mistral/merimee_fr?ACTION=CHERCHER&FIELD_1=REF&VALUE_1=PA00085093
Maison,4 quai de la Bruche,7.739176,48.580999,http://www.culture.gouv.fr/public/mistral/merimee_fr?ACTION=CHERCHER&FIELD_1=REF&VALUE_1=PA00085095
Maison,15 rue Brûlée,7.752686,48.585,http://www.culture.gouv.fr/public/mistral/merimee_fr?ACTION=CHERCHER&FIELD_1=REF&VALUE_1=PA00085096
Maison,10 rue des Dentelles,7.743108,48.580928,http://www.culture.gouv.fr/public/mistral/merimee_fr?ACTION=CHERCHER&FIELD_1=REF&VALUE_1=PA00085101
Maison,7 rue de l'Épine,7.748161,48.580451,http://www.culture.gouv.fr/public/mistral/merimee_fr?ACTION=CHERCHER&FIELD_1=REF&VALUE_1=PA00085108
Maison,2 rue des Fleurs,7.779452,48.59721,http://www.culture.gouv.fr/public/mistral/merimee_fr?ACTION=CHERCHER&FIELD_1=REF&VALUE_1=PA00085109
Maison,3 place de la Grande Boucherie,7.750603,48.580096,http://www.culture.gouv.fr/public/mistral/merimee_fr?ACTION=CHERCHER&FIELD_1=REF&VALUE_1=PA00085114
Maison,6 Grand Rue,7.739391,48.58261,http://www.culture.gouv.fr/public/mistral/merimee_fr?ACTION=CHERCHER&FIELD_1=REF&VALUE_1=PA00085115
Maison,8 Grand Rue,7.739467,48.582587,http://www.culture.gouv.fr/public/mistral/merimee_fr?ACTION=CHERCHER&FIELD_1=REF&VALUE_1=PA00085116
Maison,89 Grand Rue,7.744135,48.581565,http://www.culture.gouv.fr/public/mistral/merimee_fr?ACTION=CHERCHER&FIELD_1=REF&VALUE_1=PA00085118
Maison,98 Grand Rue,7.743312,48.581667,http://www.culture.gouv.fr/public/mistral/merimee_fr?ACTION=CHERCHER&FIELD_1=REF&VALUE_1=PA00085119
Maison,101 Grand Rue,7.744611,48.581405,http://www.culture.gouv.fr/public/mistral/merimee_fr?ACTION=CHERCHER&FIELD_1=REF&VALUE_1=PA00085120
Maison,126 Grand Rue,7.745338,48.581178,http://www.culture.gouv.fr/public/mistral/merimee_fr?ACTION=CHERCHER&FIELD_1=REF&VALUE_1=PA00085121
Maison,16 rue Gutenberg,7.747037,48.58136,http://www.culture.gouv.fr/public/mistral/merimee_fr?ACTION=CHERCHER&FIELD_1=REF&VALUE_1=PA00085124
Maison,20 rue Gutenberg,7.746805,48.581296,http://www.culture.gouv.fr/public/mistral/merimee_fr?ACTION=CHERCHER&FIELD_1=REF&VALUE_1=PA00085125
Maison,22 rue Gutenberg,7.746728,48.581287,http://www.culture.gouv.fr/public/mistral/merimee_fr?ACTION=CHERCHER&FIELD_1=REF&VALUE_1=PA00085126
Maison,"5 rue des Hallebardes
24 rue des Orfèvres",7.748895,48.581865,http://www.culture.gouv.fr/public/mistral/merimee_fr?ACTION=CHERCHER&FIELD_1=REF&VALUE_1=PA00085127
Maison,7 rue des Hallebardes,7.748947,48.581892,http://www.culture.gouv.fr/public/mistral/merimee_fr?ACTION=CHERCHER&FIELD_1=REF&VALUE_1=PA00085128
Maison,8 rue des Hallebardes,7.749126,48.581849,http://www.culture.gouv.fr/public/mistral/merimee_fr?ACTION=CHERCHER&FIELD_1=REF&VALUE_1=PA00085129
Maison,18 rue Hannong,7.742884,48.583214,http://www.culture.gouv.fr/public/mistral/merimee_fr?ACTION=CHERCHER&FIELD_1=REF&VALUE_1=PA00085131
Maison,25 rue du Jeu des Enfants,7.742302,48.583666,http://www.culture.gouv.fr/public/mistral/merimee_fr?ACTION=CHERCHER&FIELD_1=REF&VALUE_1=PA00085132
Maison,11 rue des Juifs,7.752089,48.583307,http://www.culture.gouv.fr/public/mistral/merimee_fr?ACTION=CHERCHER&FIELD_1=REF&VALUE_1=PA00085133
Maison,3 allée Kastner,7.777714,48.59677,http://www.culture.gouv.fr/public/mistral/merimee_fr?ACTION=CHERCHER&FIELD_1=REF&VALUE_1=PA00085134
Maison,1 place du Marché aux Cochons de Lait,7.751046,48.580327,http://www.culture.gouv.fr/public/mistral/merimee_fr?ACTION=CHERCHER&FIELD_1=REF&VALUE_1=PA00085135
Maison,8 place du Marché aux Cochons de Lait,7.751234,48.580484,http://www.culture.gouv.fr/public/mistral/merimee_fr?ACTION=CHERCHER&FIELD_1=REF&VALUE_1=PA00085136
Maison,2 place du Marché aux Poissons,7.751871,48.580534,http://www.culture.gouv.fr/public/mistral/merimee_fr?ACTION=CHERCHER&FIELD_1=REF&VALUE_1=PA00085137
Maison,11 rue du Maroquin,7.750544,48.580752,http://www.culture.gouv.fr/public/mistral/merimee_fr?ACTION=CHERCHER&FIELD_1=REF&VALUE_1=PA00085138
Maison,15 rue Mélanie,7.784272,48.603744,http://www.culture.gouv.fr/public/mistral/merimee_fr?ACTION=CHERCHER&FIELD_1=REF&VALUE_1=PA00085140
Maison,"2 rue Mercière
54 rue du Vieux Marché aux Poissons",7.749221,48.581135,http://www.culture.gouv.fr/public/mistral/merimee_fr?ACTION=CHERCHER&FIELD_1=REF&VALUE_1=PA00085141
Maison,4 rue Mercière,7.74936,48.58118,http://www.culture.gouv.fr/public/mistral/merimee_fr?ACTION=CHERCHER&FIELD_1=REF&VALUE_1=PA00085142
Maison,10 rue Mercière,7.749814,48.581324,http://www.culture.gouv.fr/public/mistral/merimee_fr?ACTION=CHERCHER&FIELD_1=REF&VALUE_1=PA00085143
Maison,8 rue des Poules,7.757992,48.580503,http://www.culture.gouv.fr/public/mistral/merimee_fr?ACTION=CHERCHER&FIELD_1=REF&VALUE_1=PA00085151
Maison,2 rue de Poumon,7.748906,48.580667,http://www.culture.gouv.fr/public/mistral/merimee_fr?ACTION=CHERCHER&FIELD_1=REF&VALUE_1=PA00085152
Maison,10 rue des Pucelles,7.753873,48.584178,http://www.culture.gouv.fr/public/mistral/merimee_fr?ACTION=CHERCHER&FIELD_1=REF&VALUE_1=PA00085153
Maison,2 rue de la Râpe,7.752747,48.581438,http://www.culture.gouv.fr/public/mistral/merimee_fr?ACTION=CHERCHER&FIELD_1=REF&VALUE_1=PA00085154
Maison,6 rue du Renard Prêchant,7.757317,48.579442,http://www.culture.gouv.fr/public/mistral/merimee_fr?ACTION=CHERCHER&FIELD_1=REF&VALUE_1=PA00085155
Maison,21 rue Sainte-Barbe,7.745742,48.581346,http://www.culture.gouv.fr/public/mistral/merimee_fr?ACTION=CHERCHER&FIELD_1=REF&VALUE_1=PA00085157
Maison,"1 place Saint-Étienne
2 rue du Ciel",7.754289,48.583155,http://www.culture.gouv.fr/public/mistral/merimee_fr?ACTION=CHERCHER&FIELD_1=REF&VALUE_1=PA00085158
Maison,6 place Saint-Étienne,7.754658,48.583214,http://www.culture.gouv.fr/public/mistral/merimee_fr?ACTION=CHERCHER&FIELD_1=REF&VALUE_1=PA00085159
Maison,7 place Saint-Étienne,7.754599,48.583334,http://www.culture.gouv.fr/public/mistral/merimee_fr?ACTION=CHERCHER&FIELD_1=REF&VALUE_1=PA00085160
Maison,11 place Saint-Étienne,7.754992,48.583458,http://www.culture.gouv.fr/public/mistral/merimee_fr?ACTION=CHERCHER&FIELD_1=REF&VALUE_1=PA00085161
Maison,1 quai Saint-Nicolas,7.746832,48.578165,http://www.culture.gouv.fr/public/mistral/merimee_fr?ACTION=CHERCHER&FIELD_1=REF&VALUE_1=PA00085163
Maison,13 quai Saint-Nicolas,7.749266,48.57863,http://www.culture.gouv.fr/public/mistral/merimee_fr?ACTION=CHERCHER&FIELD_1=REF&VALUE_1=PA00085164
Maison,14 quai Saint-Nicolas,7.749337,48.578669,http://www.culture.gouv.fr/public/mistral/merimee_fr?ACTION=CHERCHER&FIELD_1=REF&VALUE_1=PA00085165
Maison,15 quai Saint-Nicolas,7.749437,48.578689,http://www.culture.gouv.fr/public/mistral/merimee_fr?ACTION=CHERCHER&FIELD_1=REF&VALUE_1=PA00085166
Maison,16 quai Saint-Nicolas,7.74951,48.578699,http://www.culture.gouv.fr/public/mistral/merimee_fr?ACTION=CHERCHER&FIELD_1=REF&VALUE_1=PA00085167
Maison,20 quai Saint-Nicolas,7.750221,48.578929,http://www.culture.gouv.fr/public/mistral/merimee_fr?ACTION=CHERCHER&FIELD_1=REF&VALUE_1=PA00085168
Maison,24 quai Saint-Nicolas,7.750628,48.579156,http://www.culture.gouv.fr/public/mistral/merimee_fr?ACTION=CHERCHER&FIELD_1=REF&VALUE_1=PA00085169
Maison,17 rue des Serruriers,7.7466,48.580393,http://www.culture.gouv.fr/public/mistral/merimee_fr?ACTION=CHERCHER&FIELD_1=REF&VALUE_1=PA00085171
Maison,22 rue des Serruriers,7.747771,48.580992,http://www.culture.gouv.fr/public/mistral/merimee_fr?ACTION=CHERCHER&FIELD_1=REF&VALUE_1=PA00085172
Maison,10 rue des Tonneliers,7.749488,48.579916,http://www.culture.gouv.fr/public/mistral/merimee_fr?ACTION=CHERCHER&FIELD_1=REF&VALUE_1=PA00085174
Maison,19 rue des Tonneliers,7.748938,48.580356,http://www.culture.gouv.fr/public/mistral/merimee_fr?ACTION=CHERCHER&FIELD_1=REF&VALUE_1=PA00085175
Maison,23 rue des Tonneliers,7.748847,48.580452,http://www.culture.gouv.fr/public/mistral/merimee_fr?ACTION=CHERCHER&FIELD_1=REF&VALUE_1=PA00085176
Maison,40 rue du Vieux Marché aux Poissons,7.749572,48.580755,http://www.culture.gouv.fr/public/mistral/merimee_fr?ACTION=CHERCHER&FIELD_1=REF&VALUE_1=PA00085177
Maison,5 rue du Vieux Seigle,7.746693,48.581947,http://www.culture.gouv.fr/public/mistral/merimee_fr?ACTION=CHERCHER&FIELD_1=REF&VALUE_1=PA00085178
Maison Alfred Marzolff,3 rue des Pontonniers,7.756726,48.584322,http://www.culture.gouv.fr/public/mistral/merimee_fr?ACTION=CHERCHER&FIELD_1=REF&VALUE_1=PA67000060
Maison Ange,15 rue du Faubourg de Saverne,7.740178,48.585276,http://www.culture.gouv.fr/public/mistral/merimee_fr?ACTION=CHERCHER&FIELD_1=REF&VALUE_1=PA67000045
Maison Baer,3 rue du Bouclier,7.743831,48.580807,http://www.culture.gouv.fr/public/mistral/merimee_fr?ACTION=CHERCHER&FIELD_1=REF&VALUE_1=PA00085092
Maison Bowe,50 route du Polygone,7.75679,48.569,http://www.culture.gouv.fr/public/mistral/merimee_fr?ACTION=CHERCHER&FIELD_1=REF&VALUE_1=PA00135151
Maison Cigognes,14 rue des Orfèvres,7.74884,48.582592,http://www.culture.gouv.fr/public/mistral/merimee_fr?ACTION=CHERCHER&FIELD_1=REF&VALUE_1=PA00085150
Maison Ferrier,79 Grand Rue,7.743725,48.5817,http://www.culture.gouv.fr/public/mistral/merimee_fr?ACTION=CHERCHER&FIELD_1=REF&VALUE_1=PA00085117
Maison Kammerzell,16 place de la Cathédrale,7.74972,48.58194,http://www.culture.gouv.fr/public/mistral/merimee_fr?ACTION=CHERCHER&FIELD_1=REF&VALUE_1=PA00085098
Maison Lauth,"1, 3 rue de la Douane",7.748565,48.57928,http://www.culture.gouv.fr/public/mistral/merimee_fr?ACTION=CHERCHER&FIELD_1=REF&VALUE_1=PA00085104
Maison Radio,Place de Bordeaux,7.759764,48.594605,http://www.culture.gouv.fr/public/mistral/merimee_fr?ACTION=CHERCHER&FIELD_1=REF&VALUE_1=PA00085097
Maison Sare,17 rue du Dôme,7.750676,48.583183,http://www.culture.gouv.fr/public/mistral/merimee_fr?ACTION=CHERCHER&FIELD_1=REF&VALUE_1=PA00085102
Maison Spach,18 rue du Dôme,7.750495,48.583123,http://www.culture.gouv.fr/public/mistral/merimee_fr?ACTION=CHERCHER&FIELD_1=REF&VALUE_1=PA00085103
Maison Tanneurs,42 rue du Bain aux Plantes,7.74182,48.581437,http://www.culture.gouv.fr/public/mistral/merimee_fr?ACTION=CHERCHER&FIELD_1=REF&VALUE_1=PA00085082
Maison Williame,"7 rue des Écrivains
12 rue de la Râpe",7.753295,48.581672,http://www.culture.gouv.fr/public/mistral/merimee_fr?ACTION=CHERCHER&FIELD_1=REF&VALUE_1=PA00085106
Maisons,"3, 5 rue de l'Épine",7.748232,48.580295,http://www.culture.gouv.fr/public/mistral/merimee_fr?ACTION=CHERCHER&FIELD_1=REF&VALUE_1=PA00085107
Villa Osterloff,10 rue des Arquebusiers,7.76028,48.59111,http://www.culture.gouv.fr/public/mistral/merimee_fr?ACTION=CHERCHER&FIELD_1=REF&VALUE_1=PA00085195
Monument General Desaix,Place du Maréchal de Lattre de Tassigny,7.754064,48.575498,http://www.culture.gouv.fr/public/mistral/merimee_fr?ACTION=CHERCHER&FIELD_1=REF&VALUE_1=PA00085180
Musee Alsacien,23 quai Saint-Nicolas,7.750558,48.579127,http://www.culture.gouv.fr/public/mistral/merimee_fr?ACTION=CHERCHER&FIELD_1=REF&VALUE_1=PA00085182
Musee Historique,2 rue du Vieux Marché aux Poissons,7.78667,48.579878,http://www.culture.gouv.fr/public/mistral/merimee_fr?ACTION=CHERCHER&FIELD_1=REF&VALUE_1=PA00085040
Musee OEuvre Notre-Dame,3 place du Château,7.751389,48.580833,http://www.culture.gouv.fr/public/mistral/merimee_fr?ACTION=CHERCHER&FIELD_1=REF&VALUE_1=PA00085099
Neue Bau,10 place Gutenberg,7.748271,48.58099,http://www.culture.gouv.fr/public/mistral/merimee_fr?ACTION=CHERCHER&FIELD_1=REF&VALUE_1=PA00085050
Opera,19 place Broglie,7.752327,48.585893,http://www.culture.gouv.fr/public/mistral/merimee_fr?ACTION=CHERCHER&FIELD_1=REF&VALUE_1=PA00085193
Théâtre National,7 place de la République,7.75527,48.5862,http://www.culture.gouv.fr/public/mistral/merimee_fr?ACTION=CHERCHER&FIELD_1=REF&VALUE_1=PA00085313
Palais Episcopal,"3 rue du Parchemin
16 rue Brûlée",7.753212,48.584637,http://www.culture.gouv.fr/public/mistral/merimee_fr?ACTION=CHERCHER&FIELD_1=REF&VALUE_1=PA00085034
Palais Fetes,"5 rue Sellénick
2, 4 rue de Phalsbourg
34 boulevard Clemenceau",7.749354,48.590849,http://www.culture.gouv.fr/public/mistral/merimee_fr?ACTION=CHERCHER&FIELD_1=REF&VALUE_1=PA67000073
Palais Justice,Quai Finkmatt,7.747968,48.588059,http://www.culture.gouv.fr/public/mistral/merimee_fr?ACTION=CHERCHER&FIELD_1=REF&VALUE_1=PA00085312
Palais Rhin,"1, 2, 3 place de la République",7.7526,48.5876,http://www.culture.gouv.fr/public/mistral/merimee_fr?ACTION=CHERCHER&FIELD_1=REF&VALUE_1=PA00085183
Ecuries Palais Rhin,9 rue du Général-Frère,7.752075,48.588433,http://www.culture.gouv.fr/public/mistral/merimee_fr?ACTION=CHERCHER&FIELD_1=REF&VALUE_1=PA00085297
Palais Rohan,2 place du Château,7.7522,48.5811,http://www.culture.gouv.fr/public/mistral/merimee_fr?ACTION=CHERCHER&FIELD_1=REF&VALUE_1=PA00085184
Palais Universitaire,9 place de l'Université,7.762418,48.584777,http://www.culture.gouv.fr/public/mistral/merimee_fr?ACTION=CHERCHER&FIELD_1=REF&VALUE_1=PA00085185
Parc Orangerie,Avenue de l'Europe,7.7760029,48.5918806,http://www.culture.gouv.fr/public/mistral/merimee_fr?ACTION=CHERCHER&FIELD_1=REF&VALUE_1=PA00085186
Pfalzerhaus,6 rue Pierre Bucher,7.755602,48.585035,http://www.culture.gouv.fr/public/mistral/merimee_fr?ACTION=CHERCHER&FIELD_1=REF&VALUE_1=PA67000078
Pont Saint-Thomas,Quai Saint-Thomas,7.744964,48.579031,http://www.culture.gouv.fr/public/mistral/merimee_fr?ACTION=CHERCHER&FIELD_1=REF&VALUE_1=PA00085188
Porte Juifs,3 rue Pierre Bucher,7.75594,48.585074,http://www.culture.gouv.fr/public/mistral/merimee_fr?ACTION=CHERCHER&FIELD_1=REF&VALUE_1=PA00085189
Poste Aiguillage,Avenue de Colmar,7.75271,48.56332,http://www.culture.gouv.fr/public/mistral/merimee_fr?ACTION=CHERCHER&FIELD_1=REF&VALUE_1=PA00085190
Prefecture Administrative Alsace Bas-Rhin,5 place de la République,7.755,48.58833,http://www.culture.gouv.fr/public/mistral/merimee_fr?ACTION=CHERCHER&FIELD_1=REF&VALUE_1=PA67000011
Presbytere Saint-Paul Koenigshoffen,35 rue de la Tour,7.714434,48.578222,http://www.culture.gouv.fr/public/mistral/merimee_fr?ACTION=CHERCHER&FIELD_1=REF&VALUE_1=PA67000019
Propriete Schranz,9 rue des Sarcelles,7.75964,48.544356,http://www.culture.gouv.fr/public/mistral/merimee_fr?ACTION=CHERCHER&FIELD_1=REF&VALUE_1=PA00085196
Silo Cereales,9 rue de la Minoterie,7.789702,48.577643,http://www.culture.gouv.fr/public/mistral/merimee_fr?ACTION=CHERCHER&FIELD_1=REF&VALUE_1=PA00135153
Tour,9 place de l'Hôpital,7.74956,48.57703,http://www.culture.gouv.fr/public/mistral/merimee_fr?ACTION=CHERCHER&FIELD_1=REF&VALUE_1=PA00085191
Ponts Couverts,,7.739528,48.579889,http://www.culture.gouv.fr/public/mistral/merimee_fr?ACTION=CHERCHER&FIELD_1=REF&VALUE_1=PA00085192
Usine Junkers Flugzeug-Und-Motorenwerke,33 rue du Maréchal Lefebvre,7.739126,48.561528,http://www.culture.gouv.fr/public/mistral/merimee_fr?ACTION=CHERCHER&FIELD_1=REF&VALUE_1=PA00125228
Villa,13 rue Fischart,7.765927,48.58692,http://www.culture.gouv.fr/public/mistral/merimee_fr?ACTION=CHERCHER&FIELD_1=REF&VALUE_1=PA67000044
Villa Faist,24 rue Twinger,7.769948,48.589036,http://www.culture.gouv.fr/public/mistral/merimee_fr?ACTION=CHERCHER&FIELD_1=REF&VALUE_1=PA67000066
Villa Stempel,4 rue Erckmann Chatrian,7.764953,48.588848,http://www.culture.gouv.fr/public/mistral/merimee_fr?ACTION=CHERCHER&FIELD_1=REF&VALUE_1=PA67000079
